{"hello": [[0.3920430107526882, 1.1214285714285714], [0.4180645161290323, 1.5666666666666669], [1.1123655913978494, 1.5857142857142859], [1.3773118279569891, 1.0571428571428574], [0.9219354838709677, 0.5928571428571431], [0.850967741935484, 0.4833333333333334]], "star": [[-0.19870967741935175, 3.1428571428571432], [0.910752688172046, 1.5047619047619047], [2.616344086021508, 1.4095238095238098], [1.324731182795702, 0.2666666666666666], [1.4075268817204325, -1.1238095238095234], [0.08279569892473404, -0.1714285714285717], [-1.175698924731181, -1.39047619047619], [-0.9273118279569861, 0.07619047619047681], [-1.8049462365591378, 1.2000000000000002], [-0.6458064516129003, 1.333333333333334]], "sharp": [[-0.9769892473118258, 2.533333333333334], [2.0698924731182835, 3.1428571428571432], [-0.0993548387096741, 0.24761904761904763], [2.8812903225806483, 0.5714285714285721], [-3.063440860215052, -1.39047619047619], [-4.404731182795698, 2.704761904761905], [0.4470967741935503, 3.8095238095238093]], "large": [[-2.1361290322580615, -3.0095238095238095], [-1.2916129032258041, -2.2666666666666666], [-1.4903225806451594, -1.5809523809523807], [-2.5666666666666647, -1.961904761904762], [-2.9144086021505355, -2.685714285714286], [-2.3679569892473094, -3.180952380952381], [-3.7920430107526863, -3.4857142857142858], [-4.818709677419354, -1.8095238095238093], [-3.3283870967741915, -1.1619047619047622], [-3.6264516129032236, 0.49523809523809526], [-5.944731182795698, -0.3619047619047615], [-6.027526881720429, 1.3714285714285719], [-5.298924731182795, 2.3238095238095244], [-4.090107526881718, 1.8476190476190482], [-3.593333333333332, 2.780952380952381], [-3.957634408602149, 3.314285714285714], [-3.5767741935483857, 3.7714285714285714], [-2.9640860215053744, 3.7714285714285714], [-2.9640860215053744, 3.276190476190476], [-3.229032258064514, 3.1047619047619053], [-3.295268817204299, 2.838095238095238], [-3.179354838709676, 2.1142857142857148], [-2.5666666666666647, 2.038095238095239], [-0.9273118279569861, 3.0476190476190483], [-1.5399999999999974, 3.885714285714287], [1.0597849462365616, 3.4857142857142867], [0.6292473118279602, 0.24761904761904763], [-0.9604301075268786, 1.4095238095238098], [-0.2152688172042989, 1.904761904761905], [-1.5565591397849445, 2.095238095238096], [-2.185806451612901, 0.9904761904761905], [-0.9769892473118258, -0.05714285714285694], [0.9935483870967765, -0.8571428571428568], [2.0533333333333363, 0.1714285714285717], [1.7552688172043034, 1.980952380952381], [2.1858064516129065, 2.628571428571429], [4.3716129032258095, 2.628571428571429], [5.166451612903229, 0.8761904761904766], [5.232688172043014, -2.761904761904762], [4.023870967741939, 0.22857142857142865], [3.808602150537638, -1.6380952380952385], [3.4939784946236596, -3.580952380952381], [3.0634408602150565, -2.2666666666666666], [1.4903225806451648, -2.857142857142857], [1.2916129032258095, -3.7523809523809524], [0.6458064516129056, -2.2666666666666666], [0.14903225806451914, -1.5619047619047617], [-0.4967741935483847, -2.8190476190476192], [-1.3744086021505346, -3.866666666666667]], "medium": [[-5.183010752688171, 3.60952380952381], [-3.551935483870966, 2.333333333333334], [-1.0101075268817183, 3.590476190476191], [0.6872043010752709, 2.1238095238095243], [-1.57311827956989, 2.0476190476190483], [0.43053763440860493, 0.3619047619047624], [3.485698924731187, 3.6380952380952385], [6.739569892473124, 1.1047619047619053], [3.527096774193552, 2.238095238095238], [6.772688172043015, -0.6476190476190471], [3.2704301075268845, -1.5809523809523807], [-2.2934408602150516, 0.2952380952380951], [-3.9327956989247292, -1.7333333333333334], [-5.679784946236558, -2.1904761904761907], [-5.770860215053762, -0.6380952380952376], [-6.4083870967741925, -0.9904761904761905], [-6.971397849462365, -0.1904761904761907], [-5.654946236559138, 1.333333333333334], [-6.416666666666666, 2.571428571428572]], "sharp2": [[-3.634731182795697, 2.761904761904762], [1.6393548387096804, 3.7523809523809524], [0.3229032258064546, 1.295238095238096], [2.6743010752688203, 2.1142857142857148], [0.9935483870967765, 0.0857142857142863], [2.1940860215053792, -1.7904761904761903], [-1.159139784946234, -0.5523809523809522], [-3.3532258064516114, -2.104761904761905]], "castle": [[-3.816881720430106, -1.7523809523809524], [-3.6264516129032236, 1.1523809523809527], [-4.470967741935482, 1.923809523809524], [-2.583225806451611, 1.9333333333333336], [-2.599784946236557, 1.571428571428572], [-2.0119354838709658, 1.571428571428572], [-1.962258064516126, 1.923809523809524], [-0.9438709677419332, 1.904761904761905], [-1.9705376344086005, 1.1333333333333337], [2.40935483870968, 0.9904761904761905], [1.829784946236563, 1.647619047619048], [4.305376344086024, 1.647619047619048], [3.6595698924731224, 1.1238095238095243], [3.005483870967746, -1.5142857142857142], [1.37440860215054, -0.8190476190476188], [-0.5795698924731152, -1.5904761904761902], [-1.4903225806451594, -0.5523809523809522]], "monotone": [[-1.1011827956989215, 2.9904761904761914], [3.4774193548387125, 1.9333333333333336], [1.4489247311827995, 0.2857142857142856], [2.2106451612903264, -1.038095238095238], [3.5188172043010795, -2.0095238095238095], [5.638387096774197, -2.8190476190476192], [1.1756989247311864, -4.085714285714285], [-0.9107526881720407, -3.1231292517006795], [-2.0119354838709658, -2.12204081632653], [-2.1361290322580615, -0.3893877551020406], [-5.688064516129031, 1.5550340136054421], [-0.8279569892473102, 1.6609183673469392]], "monotone2": [[-0.8776344086021481, 3.6190476190476195], [4.644838709677423, 2.3047619047619055], [1.2502150537634442, 0.8761904761904766], [5.067096774193553, -0.6380952380952376], [4.189462365591401, -1.1333333333333329], [3.4277419354838745, -1.723809523809524], [3.1048387096774235, -2.419047619047619], [2.8564516129032285, -3.0380952380952384], [2.6411827956989278, -3.761904761904762], [-1.2419354838709662, -1.4095238095238098], [-2.715698924731181, 2.5238095238095246]]}