{"hello": [[0.3920430107526882, 1.1214285714285714], [0.4180645161290323, 1.5666666666666669], [1.1123655913978494, 1.5857142857142859], [1.3773118279569891, 1.0571428571428574], [0.9219354838709677, 0.5928571428571431], [0.850967741935484, 0.4833333333333334]], "star": [[-0.19870967741935175, 3.1428571428571432], [0.910752688172046, 1.5047619047619047], [2.616344086021508, 1.4095238095238098], [1.324731182795702, 0.2666666666666666], [1.4075268817204325, -1.1238095238095234], [0.08279569892473404, -0.1714285714285717], [-1.175698924731181, -1.39047619047619], [-0.9273118279569861, 0.07619047619047681], [-1.8049462365591378, 1.2000000000000002], [-0.6458064516129003, 1.333333333333334]]}