{"hello": [[0.3920430107526882, 1.1214285714285714], [0.4180645161290323, 1.5666666666666669], [1.1123655913978494, 1.5857142857142859], [1.3773118279569891, 1.0571428571428574], [0.9219354838709677, 0.5928571428571431], [0.850967741935484, 0.4833333333333334]], "star": [[-0.19870967741935175, 3.1428571428571432], [0.910752688172046, 1.5047619047619047], [2.616344086021508, 1.4095238095238098], [1.324731182795702, 0.2666666666666666], [1.4075268817204325, -1.1238095238095234], [0.08279569892473404, -0.1714285714285717], [-1.175698924731181, -1.39047619047619], [-0.9273118279569861, 0.07619047619047681], [-1.8049462365591378, 1.2000000000000002], [-0.6458064516129003, 1.333333333333334]], "sharp": [[-0.9769892473118258, 2.533333333333334], [2.0698924731182835, 3.1428571428571432], [-0.0993548387096741, 0.24761904761904763], [2.8812903225806483, 0.5714285714285721], [-3.063440860215052, -1.39047619047619], [-4.404731182795698, 2.704761904761905], [0.4470967741935503, 3.8095238095238093]], "large": [[-2.1361290322580615, -3.0095238095238095], [-1.2916129032258041, -2.2666666666666666], [-1.4903225806451594, -1.5809523809523807], [-2.5666666666666647, -1.961904761904762], [-2.9144086021505355, -2.685714285714286], [-2.3679569892473094, -3.180952380952381], [-3.7920430107526863, -3.4857142857142858], [-4.818709677419354, -1.8095238095238093], [-3.3283870967741915, -1.1619047619047622], [-3.6264516129032236, 0.49523809523809526], [-5.944731182795698, -0.3619047619047615], [-6.027526881720429, 1.3714285714285719], [-5.298924731182795, 2.3238095238095244], [-4.090107526881718, 1.8476190476190482], [-3.593333333333332, 2.780952380952381], [-3.957634408602149, 3.314285714285714], [-3.5767741935483857, 3.7714285714285714], [-2.9640860215053744, 3.7714285714285714], [-2.9640860215053744, 3.276190476190476], [-3.229032258064514, 3.1047619047619053], [-3.295268817204299, 2.838095238095238], [-3.179354838709676, 2.1142857142857148], [-2.5666666666666647, 2.038095238095239], [-0.9273118279569861, 3.0476190476190483], [-1.5399999999999974, 3.885714285714287], [1.0597849462365616, 3.4857142857142867], [0.6292473118279602, 0.24761904761904763], [-0.9604301075268786, 1.4095238095238098], [-0.2152688172042989, 1.904761904761905], [-1.5565591397849445, 2.095238095238096], [-2.185806451612901, 0.9904761904761905], [-0.9769892473118258, -0.05714285714285694], [0.9935483870967765, -0.8571428571428568], [2.0533333333333363, 0.1714285714285717], [1.7552688172043034, 1.980952380952381], [2.1858064516129065, 2.628571428571429], [4.3716129032258095, 2.628571428571429], [5.166451612903229, 0.8761904761904766], [5.232688172043014, -2.761904761904762], [4.023870967741939, 0.22857142857142865], [3.808602150537638, -1.6380952380952385], [3.4939784946236596, -3.580952380952381], [3.0634408602150565, -2.2666666666666666], [1.4903225806451648, -2.857142857142857], [1.2916129032258095, -3.7523809523809524], [0.6458064516129056, -2.2666666666666666], [0.14903225806451914, -1.5619047619047617], [-0.4967741935483847, -2.8190476190476192], [-1.3744086021505346, -3.866666666666667]], "medium": [[-3.5767741935483857, -2.1904761904761907], [-3.6264516129032236, 0.9714285714285715], [-4.504086021505374, 2.038095238095239], [-4.603440860215052, 2.9333333333333345], [-3.7920430107526863, 2.9523809523809534], [-3.8086021505376326, 2.438095238095239], [-3.3118279569892453, 2.438095238095239], [-3.295268817204299, 2.9523809523809534], [-2.76537634408602, 2.9523809523809534], [-2.76537634408602, 2.60952380952381], [-2.3679569892473094, 2.514285714285715], [-2.3348387096774177, 3.0095238095238104], [-1.7883870967741906, 3.0095238095238104], [-1.7883870967741906, 2.571428571428572], [-1.8546236559139757, 2.095238095238096], [-2.467311827956987, 1.0666666666666673], [-2.5501075268817184, -2.1333333333333333], [-1.8711827956989229, -1.8666666666666667], [-1.9705376344086005, -1.2190476190476192], [-1.2088172043010736, -1.1809523809523812], [-1.341290322580642, -2.4952380952380953], [-1.7387096774193527, -3.161904761904762], [-3.129677419354837, -2.8000000000000003]]}